"","eventID","occurrenceID","recordedBy","measurementType","measurementValue","measurementUnit"
"1","1_1929-12-01","1_1929-12-01_A12","Edgar Anderson","sepal length",4.8,"cm"
"2","1_1929-12-01","1_1929-12-01_A12","Edgar Anderson","sepal width",3.4,"cm"
"3","1_1929-12-01","1_1929-12-01_A12","Edgar Anderson","petal length",1.6,"cm"
"4","1_1929-12-01","1_1929-12-01_A12","Edgar Anderson","petal width",0.2,"cm"
"5","1_1929-12-01","1_1929-12-01_A60","Edgar Anderson","sepal length",5.2,"cm"
"6","1_1929-12-01","1_1929-12-01_A60","Edgar Anderson","sepal width",2.7,"cm"
"7","1_1929-12-01","1_1929-12-01_A60","Edgar Anderson","petal length",3.9,"cm"
"8","1_1929-12-01","1_1929-12-01_A60","Edgar Anderson","petal width",1.4,"cm"
"9","1_1929-12-01","1_1929-12-01_A63","Edgar Anderson","sepal length",6,"cm"
"10","1_1929-12-01","1_1929-12-01_A63","Edgar Anderson","sepal width",2.2,"cm"
"11","1_1929-12-01","1_1929-12-01_A63","Edgar Anderson","petal length",4,"cm"
"12","1_1929-12-01","1_1929-12-01_A63","Edgar Anderson","petal width",1,"cm"
"13","1_1929-12-01","1_1929-12-01_A75","Edgar Anderson","sepal length",6.4,"cm"
"14","1_1929-12-01","1_1929-12-01_A75","Edgar Anderson","sepal width",2.9,"cm"
"15","1_1929-12-01","1_1929-12-01_A75","Edgar Anderson","petal length",4.3,"cm"
"16","1_1929-12-01","1_1929-12-01_A75","Edgar Anderson","petal width",1.3,"cm"
"17","3_1929-12-01","3_1929-12-01_A55","Edgar Anderson","sepal length",6.5,"cm"
"18","3_1929-12-01","3_1929-12-01_A55","Edgar Anderson","sepal width",2.8,"cm"
"19","3_1929-12-01","3_1929-12-01_A55","Edgar Anderson","petal length",4.6,"cm"
"20","3_1929-12-01","3_1929-12-01_A55","Edgar Anderson","petal width",1.5,"cm"
"21","3_1929-12-01","3_1929-12-01_A67","Edgar Anderson","sepal length",5.6,"cm"
"22","3_1929-12-01","3_1929-12-01_A67","Edgar Anderson","sepal width",3,"cm"
"23","3_1929-12-01","3_1929-12-01_A67","Edgar Anderson","petal length",4.5,"cm"
"24","3_1929-12-01","3_1929-12-01_A67","Edgar Anderson","petal width",1.5,"cm"
"25","3_1929-12-01","3_1929-12-01_A76","Edgar Anderson","sepal length",6.6,"cm"
"26","3_1929-12-01","3_1929-12-01_A76","Edgar Anderson","sepal width",3,"cm"
"27","3_1929-12-01","3_1929-12-01_A76","Edgar Anderson","petal length",4.4,"cm"
"28","3_1929-12-01","3_1929-12-01_A76","Edgar Anderson","petal width",1.4,"cm"
"29","3_1929-12-01","3_1929-12-01_A79","Edgar Anderson","sepal length",6,"cm"
"30","3_1929-12-01","3_1929-12-01_A79","Edgar Anderson","sepal width",2.9,"cm"
"31","3_1929-12-01","3_1929-12-01_A79","Edgar Anderson","petal length",4.5,"cm"
"32","3_1929-12-01","3_1929-12-01_A79","Edgar Anderson","petal width",1.5,"cm"
"33","3_1929-12-01","3_1929-12-01_A91","Edgar Anderson","sepal length",5.5,"cm"
"34","3_1929-12-01","3_1929-12-01_A91","Edgar Anderson","sepal width",2.6,"cm"
"35","3_1929-12-01","3_1929-12-01_A91","Edgar Anderson","petal length",4.4,"cm"
"36","3_1929-12-01","3_1929-12-01_A91","Edgar Anderson","petal width",1.2,"cm"
"37","1_1929-12-01","1_1929-12-01_A147","Edgar Anderson","sepal length",6.3,"cm"
"38","1_1929-12-01","1_1929-12-01_A147","Edgar Anderson","sepal width",2.5,"cm"
"39","1_1929-12-01","1_1929-12-01_A147","Edgar Anderson","petal length",5,"cm"
"40","1_1929-12-01","1_1929-12-01_A147","Edgar Anderson","petal width",1.9,"cm"
"41","1_1929-12-01","1_1929-12-01_A150","Edgar Anderson","sepal length",5.9,"cm"
"42","1_1929-12-01","1_1929-12-01_A150","Edgar Anderson","sepal width",3,"cm"
"43","1_1929-12-01","1_1929-12-01_A150","Edgar Anderson","petal length",5.1,"cm"
"44","1_1929-12-01","1_1929-12-01_A150","Edgar Anderson","petal width",1.8,"cm"
"45","2_1930-02-13","2_1930-02-13_A131","Edgar Anderson","sepal length",7.4,"cm"
"46","2_1930-02-13","2_1930-02-13_A131","Edgar Anderson","sepal width",2.8,"cm"
"47","2_1930-02-13","2_1930-02-13_A131","Edgar Anderson","petal length",6.1,"cm"
"48","2_1930-02-13","2_1930-02-13_A131","Edgar Anderson","petal width",1.9,"cm"
"49","3_1929-12-01","3_1929-12-01_A106","Edgar Anderson","sepal length",7.6,"cm"
"50","3_1929-12-01","3_1929-12-01_A106","Edgar Anderson","sepal width",3,"cm"
"51","3_1929-12-01","3_1929-12-01_A106","Edgar Anderson","petal length",6.6,"cm"
"52","3_1929-12-01","3_1929-12-01_A106","Edgar Anderson","petal width",2.1,"cm"
"53","3_1929-12-01","3_1929-12-01_A121","Edgar Anderson","sepal length",6.9,"cm"
"54","3_1929-12-01","3_1929-12-01_A121","Edgar Anderson","sepal width",3.2,"cm"
"55","3_1929-12-01","3_1929-12-01_A121","Edgar Anderson","petal length",5.7,"cm"
"56","3_1929-12-01","3_1929-12-01_A121","Edgar Anderson","petal width",2.3,"cm"
"57","3_1929-12-01","3_1929-12-01_A130","Edgar Anderson","sepal length",7.2,"cm"
"58","3_1929-12-01","3_1929-12-01_A130","Edgar Anderson","sepal width",3,"cm"
"59","3_1929-12-01","3_1929-12-01_A130","Edgar Anderson","petal length",5.8,"cm"
"60","3_1929-12-01","3_1929-12-01_A130","Edgar Anderson","petal width",1.6,"cm"
"61","1_1929-12-01","1_1929-12-01_A132","Edgar Anderson","sepal length",7.9,"cm"
"62","1_1929-12-01","1_1929-12-01_A132","Edgar Anderson","sepal width",3.8,"cm"
"63","1_1929-12-01","1_1929-12-01_A132","Edgar Anderson","petal length",6.4,"cm"
"64","1_1929-12-01","1_1929-12-01_A132","Edgar Anderson","petal width",2,"cm"
"65","1_1929-12-01","1_1929-12-01_A54","Edgar Anderson","sepal length",5.5,"cm"
"66","1_1929-12-01","1_1929-12-01_A54","Edgar Anderson","sepal width",2.3,"cm"
"67","1_1929-12-01","1_1929-12-01_A54","Edgar Anderson","petal length",4,"cm"
"68","1_1929-12-01","1_1929-12-01_A54","Edgar Anderson","petal width",1.3,"cm"
"69","1_1929-12-01","1_1929-12-01_A81","Edgar Anderson","sepal length",5.5,"cm"
"70","1_1929-12-01","1_1929-12-01_A81","Edgar Anderson","sepal width",2.4,"cm"
"71","1_1929-12-01","1_1929-12-01_A81","Edgar Anderson","petal length",3.8,"cm"
"72","1_1929-12-01","1_1929-12-01_A81","Edgar Anderson","petal width",1.1,"cm"
"73","1_1929-12-01","1_1929-12-01_A42","Edgar Anderson","sepal length",4.5,"cm"
"74","1_1929-12-01","1_1929-12-01_A42","Edgar Anderson","sepal width",2.3,"cm"
"75","1_1929-12-01","1_1929-12-01_A42","Edgar Anderson","petal length",1.3,"cm"
"76","1_1929-12-01","1_1929-12-01_A42","Edgar Anderson","petal width",0.3,"cm"
"77","1_1929-12-01","1_1929-12-01_A27","Edgar Anderson","sepal length",5,"cm"
"78","1_1929-12-01","1_1929-12-01_A27","Edgar Anderson","sepal width",3.4,"cm"
"79","1_1929-12-01","1_1929-12-01_A27","Edgar Anderson","petal length",1.6,"cm"
"80","1_1929-12-01","1_1929-12-01_A27","Edgar Anderson","petal width",0.4,"cm"
"81","1_1929-12-01","1_1929-12-01_A129","Edgar Anderson","sepal length",6.4,"cm"
"82","1_1929-12-01","1_1929-12-01_A129","Edgar Anderson","sepal width",2.8,"cm"
"83","1_1929-12-01","1_1929-12-01_A129","Edgar Anderson","petal length",5.6,"cm"
"84","1_1929-12-01","1_1929-12-01_A129","Edgar Anderson","petal width",2.1,"cm"
"85","1_1929-12-01","1_1929-12-01_A18","Edgar Anderson","sepal length",5.1,"cm"
"86","1_1929-12-01","1_1929-12-01_A18","Edgar Anderson","sepal width",3.5,"cm"
"87","1_1929-12-01","1_1929-12-01_A18","Edgar Anderson","petal length",1.4,"cm"
"88","1_1929-12-01","1_1929-12-01_A18","Edgar Anderson","petal width",0.3,"cm"
"89","2_1930-02-13","2_1930-02-13_A77","Edgar Anderson","sepal length",6.8,"cm"
"90","2_1930-02-13","2_1930-02-13_A77","Edgar Anderson","sepal width",2.8,"cm"
"91","2_1930-02-13","2_1930-02-13_A77","Edgar Anderson","petal length",4.8,"cm"
"92","2_1930-02-13","2_1930-02-13_A77","Edgar Anderson","petal width",1.4,"cm"
"93","2_1930-02-13","2_1930-02-13_A2","Edgar Anderson","sepal length",4.9,"cm"
"94","2_1930-02-13","2_1930-02-13_A2","Edgar Anderson","sepal width",3,"cm"
"95","2_1930-02-13","2_1930-02-13_A2","Edgar Anderson","petal length",1.4,"cm"
"96","2_1930-02-13","2_1930-02-13_A2","Edgar Anderson","petal width",0.2,"cm"
"97","2_1930-02-13","2_1930-02-13_A32","Edgar Anderson","sepal length",5.4,"cm"
"98","2_1930-02-13","2_1930-02-13_A32","Edgar Anderson","sepal width",3.4,"cm"
"99","2_1930-02-13","2_1930-02-13_A32","Edgar Anderson","petal length",1.5,"cm"
"100","2_1930-02-13","2_1930-02-13_A32","Edgar Anderson","petal width",0.4,"cm"
"101","2_1930-02-13","2_1930-02-13_A74","Edgar Anderson","sepal length",6.1,"cm"
"102","2_1930-02-13","2_1930-02-13_A74","Edgar Anderson","sepal width",2.8,"cm"
"103","2_1930-02-13","2_1930-02-13_A74","Edgar Anderson","petal length",4.7,"cm"
"104","2_1930-02-13","2_1930-02-13_A74","Edgar Anderson","petal width",1.2,"cm"
"105","2_1930-02-13","2_1930-02-13_A137","Edgar Anderson","sepal length",6.3,"cm"
"106","2_1930-02-13","2_1930-02-13_A137","Edgar Anderson","sepal width",3.4,"cm"
"107","2_1930-02-13","2_1930-02-13_A137","Edgar Anderson","petal length",5.6,"cm"
"108","2_1930-02-13","2_1930-02-13_A137","Edgar Anderson","petal width",2.4,"cm"
"109","2_1930-02-13","2_1930-02-13_A110","Edgar Anderson","sepal length",7.2,"cm"
"110","2_1930-02-13","2_1930-02-13_A110","Edgar Anderson","sepal width",3.6,"cm"
"111","2_1930-02-13","2_1930-02-13_A110","Edgar Anderson","petal length",6.1,"cm"
"112","2_1930-02-13","2_1930-02-13_A110","Edgar Anderson","petal width",2.5,"cm"
"113","3_1929-12-01","3_1929-12-01_A43","Edgar Anderson","sepal length",4.4,"cm"
"114","3_1929-12-01","3_1929-12-01_A43","Edgar Anderson","sepal width",3.2,"cm"
"115","3_1929-12-01","3_1929-12-01_A43","Edgar Anderson","petal length",1.3,"cm"
"116","3_1929-12-01","3_1929-12-01_A43","Edgar Anderson","petal width",0.2,"cm"
"117","3_1929-12-01","3_1929-12-01_A124","Edgar Anderson","sepal length",6.3,"cm"
"118","3_1929-12-01","3_1929-12-01_A124","Edgar Anderson","sepal width",2.7,"cm"
"119","3_1929-12-01","3_1929-12-01_A124","Edgar Anderson","petal length",4.9,"cm"
"120","3_1929-12-01","3_1929-12-01_A124","Edgar Anderson","petal width",1.8,"cm"
"121","1_1929-12-01","1_1929-12-01_A39","Edgar Anderson","sepal length",4.4,"cm"
"122","1_1929-12-01","1_1929-12-01_A39","Edgar Anderson","sepal width",3,"cm"
"123","1_1929-12-01","1_1929-12-01_A39","Edgar Anderson","petal length",1.3,"cm"
"124","1_1929-12-01","1_1929-12-01_A39","Edgar Anderson","petal width",0.2,"cm"
"125","2_1930-02-13","2_1930-02-13_A39","Edgar Anderson","sepal length",5.4,"cm"
"126","2_1930-02-13","2_1930-02-13_A39","Edgar Anderson","sepal width",3.7,"cm"
"127","2_1930-02-13","2_1930-02-13_A39","Edgar Anderson","petal length",1.5,"cm"
"128","2_1930-02-13","2_1930-02-13_A39","Edgar Anderson","petal width",0.2,"cm"
"129","3_1929-12-01","3_1929-12-01_A25","Edgar Anderson","sepal length",4.8,"cm"
"130","3_1929-12-01","3_1929-12-01_A25","Edgar Anderson","sepal width",3.4,"cm"
"131","3_1929-12-01","3_1929-12-01_A25","Edgar Anderson","petal length",1.9,"cm"
"132","3_1929-12-01","3_1929-12-01_A25","Edgar Anderson","petal width",0.2,"cm"
"133","3_1929-12-01","3_1929-12-01_A34","Edgar Anderson","sepal length",5.5,"cm"
"134","3_1929-12-01","3_1929-12-01_A34","Edgar Anderson","sepal width",4.2,"cm"
"135","3_1929-12-01","3_1929-12-01_A34","Edgar Anderson","petal length",1.4,"cm"
"136","3_1929-12-01","3_1929-12-01_A34","Edgar Anderson","petal width",0.2,"cm"
"137","3_1929-12-01","3_1929-12-01_A49","Edgar Anderson","sepal length",5.3,"cm"
"138","3_1929-12-01","3_1929-12-01_A49","Edgar Anderson","sepal width",3.7,"cm"
"139","3_1929-12-01","3_1929-12-01_A49","Edgar Anderson","petal length",1.5,"cm"
"140","3_1929-12-01","3_1929-12-01_A49","Edgar Anderson","petal width",0.2,"cm"
"141","3_1929-12-01","3_1929-12-01_A4","Edgar Anderson","sepal length",4.6,"cm"
"142","3_1929-12-01","3_1929-12-01_A4","Edgar Anderson","sepal width",3.1,"cm"
"143","3_1929-12-01","3_1929-12-01_A4","Edgar Anderson","petal length",1.5,"cm"
"144","3_1929-12-01","3_1929-12-01_A4","Edgar Anderson","petal width",0.2,"cm"
"145","1_1929-12-01","1_1929-12-01_A57","Edgar Anderson","sepal length",6.3,"cm"
"146","1_1929-12-01","1_1929-12-01_A57","Edgar Anderson","sepal width",3.3,"cm"
"147","1_1929-12-01","1_1929-12-01_A57","Edgar Anderson","petal length",4.7,"cm"
"148","1_1929-12-01","1_1929-12-01_A57","Edgar Anderson","petal width",1.6,"cm"
"149","1_1929-12-01","1_1929-12-01_A66","Edgar Anderson","sepal length",6.7,"cm"
"150","1_1929-12-01","1_1929-12-01_A66","Edgar Anderson","sepal width",3.1,"cm"
"151","1_1929-12-01","1_1929-12-01_A66","Edgar Anderson","petal length",4.4,"cm"
"152","1_1929-12-01","1_1929-12-01_A66","Edgar Anderson","petal width",1.4,"cm"
"153","2_1930-02-13","2_1930-02-13_A71","Edgar Anderson","sepal length",5.9,"cm"
"154","2_1930-02-13","2_1930-02-13_A71","Edgar Anderson","sepal width",3.2,"cm"
"155","2_1930-02-13","2_1930-02-13_A71","Edgar Anderson","petal length",4.8,"cm"
"156","2_1930-02-13","2_1930-02-13_A71","Edgar Anderson","petal width",1.8,"cm"
"157","1_1929-12-01","1_1929-12-01_A111","Edgar Anderson","sepal length",6.5,"cm"
"158","1_1929-12-01","1_1929-12-01_A111","Edgar Anderson","sepal width",3.2,"cm"
"159","1_1929-12-01","1_1929-12-01_A111","Edgar Anderson","petal length",5.1,"cm"
"160","1_1929-12-01","1_1929-12-01_A111","Edgar Anderson","petal width",2,"cm"
"161","1_1929-12-01","1_1929-12-01_A138","Edgar Anderson","sepal length",6.4,"cm"
"162","1_1929-12-01","1_1929-12-01_A138","Edgar Anderson","sepal width",3.1,"cm"
"163","1_1929-12-01","1_1929-12-01_A138","Edgar Anderson","petal length",5.5,"cm"
"164","1_1929-12-01","1_1929-12-01_A138","Edgar Anderson","petal width",1.8,"cm"
"165","2_1930-02-13","2_1930-02-13_A104","Edgar Anderson","sepal length",6.3,"cm"
"166","2_1930-02-13","2_1930-02-13_A104","Edgar Anderson","sepal width",2.9,"cm"
"167","2_1930-02-13","2_1930-02-13_A104","Edgar Anderson","petal length",5.6,"cm"
"168","2_1930-02-13","2_1930-02-13_A104","Edgar Anderson","petal width",1.8,"cm"
"169","2_1930-02-13","2_1930-02-13_A128","Edgar Anderson","sepal length",6.1,"cm"
"170","2_1930-02-13","2_1930-02-13_A128","Edgar Anderson","sepal width",3,"cm"
"171","2_1930-02-13","2_1930-02-13_A128","Edgar Anderson","petal length",4.9,"cm"
"172","2_1930-02-13","2_1930-02-13_A128","Edgar Anderson","petal width",1.8,"cm"
"173","2_1930-02-13","2_1930-02-13_A143","Edgar Anderson","sepal length",5.8,"cm"
"174","2_1930-02-13","2_1930-02-13_A143","Edgar Anderson","sepal width",2.7,"cm"
"175","2_1930-02-13","2_1930-02-13_A143","Edgar Anderson","petal length",5.1,"cm"
"176","2_1930-02-13","2_1930-02-13_A143","Edgar Anderson","petal width",1.9,"cm"
"177","3_1929-12-01","3_1929-12-01_A148","Edgar Anderson","sepal length",6.5,"cm"
"178","3_1929-12-01","3_1929-12-01_A148","Edgar Anderson","sepal width",3,"cm"
"179","3_1929-12-01","3_1929-12-01_A148","Edgar Anderson","petal length",5.2,"cm"
"180","3_1929-12-01","3_1929-12-01_A148","Edgar Anderson","petal width",2,"cm"
"181","1_1929-12-01","1_1929-12-01_A3","Edgar Anderson","sepal length",4.7,"cm"
"182","1_1929-12-01","1_1929-12-01_A3","Edgar Anderson","sepal width",3.2,"cm"
"183","1_1929-12-01","1_1929-12-01_A3","Edgar Anderson","petal length",1.3,"cm"
"184","1_1929-12-01","1_1929-12-01_A3","Edgar Anderson","petal width",0.2,"cm"
"185","2_1930-02-13","2_1930-02-13_A8","Edgar Anderson","sepal length",5,"cm"
"186","2_1930-02-13","2_1930-02-13_A8","Edgar Anderson","sepal width",3.4,"cm"
"187","2_1930-02-13","2_1930-02-13_A8","Edgar Anderson","petal length",1.5,"cm"
"188","2_1930-02-13","2_1930-02-13_A8","Edgar Anderson","petal width",0.2,"cm"
"189","3_1929-12-01","3_1929-12-01_A31","Edgar Anderson","sepal length",4.8,"cm"
"190","3_1929-12-01","3_1929-12-01_A31","Edgar Anderson","sepal width",3.1,"cm"
"191","3_1929-12-01","3_1929-12-01_A31","Edgar Anderson","petal length",1.6,"cm"
"192","3_1929-12-01","3_1929-12-01_A31","Edgar Anderson","petal width",0.2,"cm"
"193","2_1930-02-13","2_1930-02-13_A50","Edgar Anderson","sepal length",5,"cm"
"194","2_1930-02-13","2_1930-02-13_A50","Edgar Anderson","sepal width",3.3,"cm"
"195","2_1930-02-13","2_1930-02-13_A50","Edgar Anderson","petal length",1.4,"cm"
"196","2_1930-02-13","2_1930-02-13_A50","Edgar Anderson","petal width",0.2,"cm"
"197","1_1929-12-01","1_1929-12-01_A36","Edgar Anderson","sepal length",5,"cm"
"198","1_1929-12-01","1_1929-12-01_A36","Edgar Anderson","sepal width",3.2,"cm"
"199","1_1929-12-01","1_1929-12-01_A36","Edgar Anderson","petal length",1.2,"cm"
"200","1_1929-12-01","1_1929-12-01_A36","Edgar Anderson","petal width",0.2,"cm"
"201","3_1929-12-01","3_1929-12-01_A7","Edgar Anderson","sepal length",4.6,"cm"
"202","3_1929-12-01","3_1929-12-01_A7","Edgar Anderson","sepal width",3.4,"cm"
"203","3_1929-12-01","3_1929-12-01_A7","Edgar Anderson","petal length",1.4,"cm"
"204","3_1929-12-01","3_1929-12-01_A7","Edgar Anderson","petal width",0.3,"cm"
"205","3_1929-12-01","3_1929-12-01_A28","Edgar Anderson","sepal length",5.2,"cm"
"206","3_1929-12-01","3_1929-12-01_A28","Edgar Anderson","sepal width",3.5,"cm"
"207","3_1929-12-01","3_1929-12-01_A28","Edgar Anderson","petal length",1.5,"cm"
"208","3_1929-12-01","3_1929-12-01_A28","Edgar Anderson","petal width",0.2,"cm"
"209","3_1929-12-01","3_1929-12-01_A73","Edgar Anderson","sepal length",6.3,"cm"
"210","3_1929-12-01","3_1929-12-01_A73","Edgar Anderson","sepal width",2.5,"cm"
"211","3_1929-12-01","3_1929-12-01_A73","Edgar Anderson","petal length",4.9,"cm"
"212","3_1929-12-01","3_1929-12-01_A73","Edgar Anderson","petal width",1.5,"cm"
"213","3_1929-12-01","3_1929-12-01_A88","Edgar Anderson","sepal length",6.3,"cm"
"214","3_1929-12-01","3_1929-12-01_A88","Edgar Anderson","sepal width",2.3,"cm"
"215","3_1929-12-01","3_1929-12-01_A88","Edgar Anderson","petal length",4.4,"cm"
"216","3_1929-12-01","3_1929-12-01_A88","Edgar Anderson","petal width",1.3,"cm"
"217","2_1930-02-13","2_1930-02-13_A65","Edgar Anderson","sepal length",5.6,"cm"
"218","2_1930-02-13","2_1930-02-13_A65","Edgar Anderson","sepal width",2.9,"cm"
"219","2_1930-02-13","2_1930-02-13_A65","Edgar Anderson","petal length",3.6,"cm"
"220","2_1930-02-13","2_1930-02-13_A65","Edgar Anderson","petal width",1.3,"cm"
"221","1_1929-12-01","1_1929-12-01_A96","Edgar Anderson","sepal length",5.7,"cm"
"222","1_1929-12-01","1_1929-12-01_A96","Edgar Anderson","sepal width",3,"cm"
"223","1_1929-12-01","1_1929-12-01_A96","Edgar Anderson","petal length",4.2,"cm"
"224","1_1929-12-01","1_1929-12-01_A96","Edgar Anderson","petal width",1.2,"cm"
"225","3_1929-12-01","3_1929-12-01_A58","Edgar Anderson","sepal length",4.9,"cm"
"226","3_1929-12-01","3_1929-12-01_A58","Edgar Anderson","sepal width",2.4,"cm"
"227","3_1929-12-01","3_1929-12-01_A58","Edgar Anderson","petal length",3.3,"cm"
"228","3_1929-12-01","3_1929-12-01_A58","Edgar Anderson","petal width",1,"cm"
"229","2_1930-02-13","2_1930-02-13_A83","Edgar Anderson","sepal length",5.8,"cm"
"230","2_1930-02-13","2_1930-02-13_A83","Edgar Anderson","sepal width",2.7,"cm"
"231","2_1930-02-13","2_1930-02-13_A83","Edgar Anderson","petal length",3.9,"cm"
"232","2_1930-02-13","2_1930-02-13_A83","Edgar Anderson","petal width",1.2,"cm"
"233","1_1929-12-01","1_1929-12-01_A105","Edgar Anderson","sepal length",6.5,"cm"
"234","1_1929-12-01","1_1929-12-01_A105","Edgar Anderson","sepal width",3,"cm"
"235","1_1929-12-01","1_1929-12-01_A105","Edgar Anderson","petal length",5.8,"cm"
"236","1_1929-12-01","1_1929-12-01_A105","Edgar Anderson","petal width",2.2,"cm"
"237","2_1930-02-13","2_1930-02-13_A101","Edgar Anderson","sepal length",6.3,"cm"
"238","2_1930-02-13","2_1930-02-13_A101","Edgar Anderson","sepal width",3.3,"cm"
"239","2_1930-02-13","2_1930-02-13_A101","Edgar Anderson","petal length",6,"cm"
"240","2_1930-02-13","2_1930-02-13_A101","Edgar Anderson","petal width",2.5,"cm"
"241","1_1929-12-01","1_1929-12-01_A99","Edgar Anderson","sepal length",5.1,"cm"
"242","1_1929-12-01","1_1929-12-01_A99","Edgar Anderson","sepal width",2.5,"cm"
"243","1_1929-12-01","1_1929-12-01_A99","Edgar Anderson","petal length",3,"cm"
"244","1_1929-12-01","1_1929-12-01_A99","Edgar Anderson","petal width",1.1,"cm"
"245","1_1929-12-01","1_1929-12-01_A48","Edgar Anderson","sepal length",4.6,"cm"
"246","1_1929-12-01","1_1929-12-01_A48","Edgar Anderson","sepal width",3.2,"cm"
"247","1_1929-12-01","1_1929-12-01_A48","Edgar Anderson","petal length",1.4,"cm"
"248","1_1929-12-01","1_1929-12-01_A48","Edgar Anderson","petal width",0.2,"cm"
"249","1_1929-12-01","1_1929-12-01_A141","Edgar Anderson","sepal length",6.7,"cm"
"250","1_1929-12-01","1_1929-12-01_A141","Edgar Anderson","sepal width",3.1,"cm"
"251","1_1929-12-01","1_1929-12-01_A141","Edgar Anderson","petal length",5.6,"cm"
"252","1_1929-12-01","1_1929-12-01_A141","Edgar Anderson","petal width",2.4,"cm"
"253","1_1929-12-01","1_1929-12-01_A102","Edgar Anderson","sepal length",5.8,"cm"
"254","1_1929-12-01","1_1929-12-01_A102","Edgar Anderson","sepal width",2.7,"cm"
"255","1_1929-12-01","1_1929-12-01_A102","Edgar Anderson","petal length",5.1,"cm"
"256","1_1929-12-01","1_1929-12-01_A102","Edgar Anderson","petal width",1.9,"cm"
"257","1_1929-12-01","1_1929-12-01_A24","Edgar Anderson","sepal length",5.1,"cm"
"258","1_1929-12-01","1_1929-12-01_A24","Edgar Anderson","sepal width",3.3,"cm"
"259","1_1929-12-01","1_1929-12-01_A24","Edgar Anderson","petal length",1.7,"cm"
"260","1_1929-12-01","1_1929-12-01_A24","Edgar Anderson","petal width",0.5,"cm"
"261","1_1929-12-01","1_1929-12-01_A45","Edgar Anderson","sepal length",5.1,"cm"
"262","1_1929-12-01","1_1929-12-01_A45","Edgar Anderson","sepal width",3.8,"cm"
"263","1_1929-12-01","1_1929-12-01_A45","Edgar Anderson","petal length",1.7,"cm"
"264","1_1929-12-01","1_1929-12-01_A45","Edgar Anderson","petal width",0.4,"cm"
"265","2_1930-02-13","2_1930-02-13_A119","Edgar Anderson","sepal length",7.7,"cm"
"266","2_1930-02-13","2_1930-02-13_A119","Edgar Anderson","sepal width",2.6,"cm"
"267","2_1930-02-13","2_1930-02-13_A119","Edgar Anderson","petal length",6.9,"cm"
"268","2_1930-02-13","2_1930-02-13_A119","Edgar Anderson","petal width",2.3,"cm"
"269","2_1930-02-13","2_1930-02-13_A14","Edgar Anderson","sepal length",4.3,"cm"
"270","2_1930-02-13","2_1930-02-13_A14","Edgar Anderson","sepal width",3,"cm"
"271","2_1930-02-13","2_1930-02-13_A14","Edgar Anderson","petal length",1.1,"cm"
"272","2_1930-02-13","2_1930-02-13_A14","Edgar Anderson","petal width",0.1,"cm"
"273","2_1930-02-13","2_1930-02-13_A107","Edgar Anderson","sepal length",4.9,"cm"
"274","2_1930-02-13","2_1930-02-13_A107","Edgar Anderson","sepal width",2.5,"cm"
"275","2_1930-02-13","2_1930-02-13_A107","Edgar Anderson","petal length",4.5,"cm"
"276","2_1930-02-13","2_1930-02-13_A107","Edgar Anderson","petal width",1.7,"cm"
"277","2_1930-02-13","2_1930-02-13_A35","Edgar Anderson","sepal length",4.9,"cm"
"278","2_1930-02-13","2_1930-02-13_A35","Edgar Anderson","sepal width",3.1,"cm"
"279","2_1930-02-13","2_1930-02-13_A35","Edgar Anderson","petal length",1.5,"cm"
"280","2_1930-02-13","2_1930-02-13_A35","Edgar Anderson","petal width",0.2,"cm"
"281","2_1930-02-13","2_1930-02-13_A146","Edgar Anderson","sepal length",6.7,"cm"
"282","2_1930-02-13","2_1930-02-13_A146","Edgar Anderson","sepal width",3,"cm"
"283","2_1930-02-13","2_1930-02-13_A146","Edgar Anderson","petal length",5.2,"cm"
"284","2_1930-02-13","2_1930-02-13_A146","Edgar Anderson","petal width",2.3,"cm"
"285","3_1929-12-01","3_1929-12-01_A118","Edgar Anderson","sepal length",7.7,"cm"
"286","3_1929-12-01","3_1929-12-01_A118","Edgar Anderson","sepal width",3.8,"cm"
"287","3_1929-12-01","3_1929-12-01_A118","Edgar Anderson","petal length",6.7,"cm"
"288","3_1929-12-01","3_1929-12-01_A118","Edgar Anderson","petal width",2.2,"cm"
"289","3_1929-12-01","3_1929-12-01_A46","Edgar Anderson","sepal length",4.8,"cm"
"290","3_1929-12-01","3_1929-12-01_A46","Edgar Anderson","sepal width",3,"cm"
"291","3_1929-12-01","3_1929-12-01_A46","Edgar Anderson","petal length",1.4,"cm"
"292","3_1929-12-01","3_1929-12-01_A46","Edgar Anderson","petal width",0.3,"cm"
"293","3_1929-12-01","3_1929-12-01_A139","Edgar Anderson","sepal length",6,"cm"
"294","3_1929-12-01","3_1929-12-01_A139","Edgar Anderson","sepal width",3,"cm"
"295","3_1929-12-01","3_1929-12-01_A139","Edgar Anderson","petal length",4.8,"cm"
"296","3_1929-12-01","3_1929-12-01_A139","Edgar Anderson","petal width",1.8,"cm"
"297","3_1929-12-01","3_1929-12-01_A142","Edgar Anderson","sepal length",6.9,"cm"
"298","3_1929-12-01","3_1929-12-01_A142","Edgar Anderson","sepal width",3.1,"cm"
"299","3_1929-12-01","3_1929-12-01_A142","Edgar Anderson","petal length",5.1,"cm"
"300","3_1929-12-01","3_1929-12-01_A142","Edgar Anderson","petal width",2.3,"cm"
"301","1_1929-12-01","1_1929-12-01_A117","Edgar Anderson","sepal length",6.5,"cm"
"302","1_1929-12-01","1_1929-12-01_A117","Edgar Anderson","sepal width",3,"cm"
"303","1_1929-12-01","1_1929-12-01_A117","Edgar Anderson","petal length",5.5,"cm"
"304","1_1929-12-01","1_1929-12-01_A117","Edgar Anderson","petal width",1.8,"cm"
"305","2_1930-02-13","2_1930-02-13_A113","Edgar Anderson","sepal length",6.8,"cm"
"306","2_1930-02-13","2_1930-02-13_A113","Edgar Anderson","sepal width",3,"cm"
"307","2_1930-02-13","2_1930-02-13_A113","Edgar Anderson","petal length",5.5,"cm"
"308","2_1930-02-13","2_1930-02-13_A113","Edgar Anderson","petal width",2.1,"cm"
"309","3_1929-12-01","3_1929-12-01_A37","Edgar Anderson","sepal length",5.5,"cm"
"310","3_1929-12-01","3_1929-12-01_A37","Edgar Anderson","sepal width",3.5,"cm"
"311","3_1929-12-01","3_1929-12-01_A37","Edgar Anderson","petal length",1.3,"cm"
"312","3_1929-12-01","3_1929-12-01_A37","Edgar Anderson","petal width",0.2,"cm"
"313","3_1929-12-01","3_1929-12-01_A97","Edgar Anderson","sepal length",5.7,"cm"
"314","3_1929-12-01","3_1929-12-01_A97","Edgar Anderson","sepal width",2.9,"cm"
"315","3_1929-12-01","3_1929-12-01_A97","Edgar Anderson","petal length",4.2,"cm"
"316","3_1929-12-01","3_1929-12-01_A97","Edgar Anderson","petal width",2.3,"cm"
"317","1_1929-12-01","1_1929-12-01_A120","Edgar Anderson","sepal length",6,"cm"
"318","1_1929-12-01","1_1929-12-01_A120","Edgar Anderson","sepal width",2.2,"cm"
"319","1_1929-12-01","1_1929-12-01_A120","Edgar Anderson","petal length",5,"cm"
"320","1_1929-12-01","1_1929-12-01_A120","Edgar Anderson","petal width",1.5,"cm"
"321","3_1929-12-01","3_1929-12-01_A16","Edgar Anderson","sepal length",5.7,"cm"
"322","3_1929-12-01","3_1929-12-01_A16","Edgar Anderson","sepal width",4.4,"cm"
"323","3_1929-12-01","3_1929-12-01_A16","Edgar Anderson","petal length",1.5,"cm"
"324","3_1929-12-01","3_1929-12-01_A16","Edgar Anderson","petal width",0.4,"cm"
"325","3_1929-12-01","3_1929-12-01_A70","Edgar Anderson","sepal length",5.6,"cm"
"326","3_1929-12-01","3_1929-12-01_A70","Edgar Anderson","sepal width",2.5,"cm"
"327","3_1929-12-01","3_1929-12-01_A70","Edgar Anderson","petal length",3.9,"cm"
"328","3_1929-12-01","3_1929-12-01_A70","Edgar Anderson","petal width",1.1,"cm"
"329","1_1929-12-01","1_1929-12-01_A30","Edgar Anderson","sepal length",4.7,"cm"
"330","1_1929-12-01","1_1929-12-01_A30","Edgar Anderson","sepal width",3.2,"cm"
"331","1_1929-12-01","1_1929-12-01_A30","Edgar Anderson","petal length",1.6,"cm"
"332","1_1929-12-01","1_1929-12-01_A30","Edgar Anderson","petal width",0.2,"cm"
"333","1_1929-12-01","1_1929-12-01_A84","Edgar Anderson","sepal length",6,"cm"
"334","1_1929-12-01","1_1929-12-01_A84","Edgar Anderson","sepal width",2.7,"cm"
"335","1_1929-12-01","1_1929-12-01_A84","Edgar Anderson","petal length",5.1,"cm"
"336","1_1929-12-01","1_1929-12-01_A84","Edgar Anderson","petal width",1.6,"cm"
"337","3_1929-12-01","3_1929-12-01_A103","Edgar Anderson","sepal length",7.1,"cm"
"338","3_1929-12-01","3_1929-12-01_A103","Edgar Anderson","sepal width",3,"cm"
"339","3_1929-12-01","3_1929-12-01_A103","Edgar Anderson","petal length",5.9,"cm"
"340","3_1929-12-01","3_1929-12-01_A103","Edgar Anderson","petal width",2.1,"cm"
"341","3_1929-12-01","3_1929-12-01_A127","Edgar Anderson","sepal length",6.2,"cm"
"342","3_1929-12-01","3_1929-12-01_A127","Edgar Anderson","sepal width",2.8,"cm"
"343","3_1929-12-01","3_1929-12-01_A127","Edgar Anderson","petal length",4.8,"cm"
"344","3_1929-12-01","3_1929-12-01_A127","Edgar Anderson","petal width",1.8,"cm"
"345","2_1930-02-13","2_1930-02-13_A92","Edgar Anderson","sepal length",6.1,"cm"
"346","2_1930-02-13","2_1930-02-13_A92","Edgar Anderson","sepal width",3,"cm"
"347","2_1930-02-13","2_1930-02-13_A92","Edgar Anderson","petal length",4.6,"cm"
"348","2_1930-02-13","2_1930-02-13_A92","Edgar Anderson","petal width",1.4,"cm"
"349","3_1929-12-01","3_1929-12-01_A40","Edgar Anderson","sepal length",5.1,"cm"
"350","3_1929-12-01","3_1929-12-01_A40","Edgar Anderson","sepal width",3.4,"cm"
"351","3_1929-12-01","3_1929-12-01_A40","Edgar Anderson","petal length",1.5,"cm"
"352","3_1929-12-01","3_1929-12-01_A40","Edgar Anderson","petal width",0.2,"cm"
"353","2_1930-02-13","2_1930-02-13_A89","Edgar Anderson","sepal length",5.6,"cm"
"354","2_1930-02-13","2_1930-02-13_A89","Edgar Anderson","sepal width",3,"cm"
"355","2_1930-02-13","2_1930-02-13_A89","Edgar Anderson","petal length",4.1,"cm"
"356","2_1930-02-13","2_1930-02-13_A89","Edgar Anderson","petal width",1.3,"cm"
"357","2_1930-02-13","2_1930-02-13_A95","Edgar Anderson","sepal length",5.6,"cm"
"358","2_1930-02-13","2_1930-02-13_A95","Edgar Anderson","sepal width",2.7,"cm"
"359","2_1930-02-13","2_1930-02-13_A95","Edgar Anderson","petal length",4.2,"cm"
"360","2_1930-02-13","2_1930-02-13_A95","Edgar Anderson","petal width",1.3,"cm"
"361","1_1929-12-01","1_1929-12-01_A33","Edgar Anderson","sepal length",5.2,"cm"
"362","1_1929-12-01","1_1929-12-01_A33","Edgar Anderson","sepal width",4.1,"cm"
"363","1_1929-12-01","1_1929-12-01_A33","Edgar Anderson","petal length",1.5,"cm"
"364","1_1929-12-01","1_1929-12-01_A33","Edgar Anderson","petal width",0.1,"cm"
"365","1_1929-12-01","1_1929-12-01_A9","Edgar Anderson","sepal length",4.4,"cm"
"366","1_1929-12-01","1_1929-12-01_A9","Edgar Anderson","sepal width",2.9,"cm"
"367","1_1929-12-01","1_1929-12-01_A9","Edgar Anderson","petal length",1.4,"cm"
"368","1_1929-12-01","1_1929-12-01_A9","Edgar Anderson","petal width",0.2,"cm"
"369","2_1930-02-13","2_1930-02-13_A20","Edgar Anderson","sepal length",5.1,"cm"
"370","2_1930-02-13","2_1930-02-13_A20","Edgar Anderson","sepal width",3.8,"cm"
"371","2_1930-02-13","2_1930-02-13_A20","Edgar Anderson","petal length",1.5,"cm"
"372","2_1930-02-13","2_1930-02-13_A20","Edgar Anderson","petal width",0.3,"cm"
"373","3_1929-12-01","3_1929-12-01_A10","Edgar Anderson","sepal length",4.9,"cm"
"374","3_1929-12-01","3_1929-12-01_A10","Edgar Anderson","sepal width",3.1,"cm"
"375","3_1929-12-01","3_1929-12-01_A10","Edgar Anderson","petal length",1.5,"cm"
"376","3_1929-12-01","3_1929-12-01_A10","Edgar Anderson","petal width",0.1,"cm"
"377","3_1929-12-01","3_1929-12-01_A134","Edgar Anderson","sepal length",4.8,"cm"
"378","3_1929-12-01","3_1929-12-01_A134","Edgar Anderson","sepal width",3,"cm"
"379","3_1929-12-01","3_1929-12-01_A134","Edgar Anderson","petal length",1.4,"cm"
"380","3_1929-12-01","3_1929-12-01_A134","Edgar Anderson","petal width",0.1,"cm"
"381","1_1929-12-01","1_1929-12-01_A87","Edgar Anderson","sepal length",6.7,"cm"
"382","1_1929-12-01","1_1929-12-01_A87","Edgar Anderson","sepal width",3.1,"cm"
"383","1_1929-12-01","1_1929-12-01_A87","Edgar Anderson","petal length",4.7,"cm"
"384","1_1929-12-01","1_1929-12-01_A87","Edgar Anderson","petal width",1.5,"cm"
"385","2_1930-02-13","2_1930-02-13_A59","Edgar Anderson","sepal length",6.6,"cm"
"386","2_1930-02-13","2_1930-02-13_A59","Edgar Anderson","sepal width",2.9,"cm"
"387","2_1930-02-13","2_1930-02-13_A59","Edgar Anderson","petal length",4.6,"cm"
"388","2_1930-02-13","2_1930-02-13_A59","Edgar Anderson","petal width",1.3,"cm"
"389","2_1930-02-13","2_1930-02-13_A68","Edgar Anderson","sepal length",5.8,"cm"
"390","2_1930-02-13","2_1930-02-13_A68","Edgar Anderson","sepal width",2.7,"cm"
"391","2_1930-02-13","2_1930-02-13_A68","Edgar Anderson","petal length",4.1,"cm"
"392","2_1930-02-13","2_1930-02-13_A68","Edgar Anderson","petal width",1,"cm"
"393","2_1930-02-13","2_1930-02-13_A86","Edgar Anderson","sepal length",6,"cm"
"394","2_1930-02-13","2_1930-02-13_A86","Edgar Anderson","sepal width",3.4,"cm"
"395","2_1930-02-13","2_1930-02-13_A86","Edgar Anderson","petal length",4.5,"cm"
"396","2_1930-02-13","2_1930-02-13_A86","Edgar Anderson","petal width",1.6,"cm"
"397","2_1930-02-13","2_1930-02-13_A98","Edgar Anderson","sepal length",6.2,"cm"
"398","2_1930-02-13","2_1930-02-13_A98","Edgar Anderson","sepal width",2.9,"cm"
"399","2_1930-02-13","2_1930-02-13_A98","Edgar Anderson","petal length",4.3,"cm"
"400","2_1930-02-13","2_1930-02-13_A98","Edgar Anderson","petal width",1.3,"cm"
"401","3_1929-12-01","3_1929-12-01_A61","Edgar Anderson","sepal length",5,"cm"
"402","3_1929-12-01","3_1929-12-01_A61","Edgar Anderson","sepal width",2,"cm"
"403","3_1929-12-01","3_1929-12-01_A61","Edgar Anderson","petal length",3.5,"cm"
"404","3_1929-12-01","3_1929-12-01_A61","Edgar Anderson","petal width",1,"cm"
"405","3_1929-12-01","3_1929-12-01_A100","Edgar Anderson","sepal length",5.7,"cm"
"406","3_1929-12-01","3_1929-12-01_A100","Edgar Anderson","sepal width",2.8,"cm"
"407","3_1929-12-01","3_1929-12-01_A100","Edgar Anderson","petal length",4.1,"cm"
"408","3_1929-12-01","3_1929-12-01_A100","Edgar Anderson","petal width",1.3,"cm"
"409","2_1930-02-13","2_1930-02-13_A134","Edgar Anderson","sepal length",6.3,"cm"
"410","2_1930-02-13","2_1930-02-13_A134","Edgar Anderson","sepal width",2.8,"cm"
"411","2_1930-02-13","2_1930-02-13_A134","Edgar Anderson","petal length",5.1,"cm"
"412","2_1930-02-13","2_1930-02-13_A134","Edgar Anderson","petal width",1.5,"cm"
"413","3_1929-12-01","3_1929-12-01_A109","Edgar Anderson","sepal length",6.7,"cm"
"414","3_1929-12-01","3_1929-12-01_A109","Edgar Anderson","sepal width",2.5,"cm"
"415","3_1929-12-01","3_1929-12-01_A109","Edgar Anderson","petal length",5.8,"cm"
"416","3_1929-12-01","3_1929-12-01_A109","Edgar Anderson","petal width",1.8,"cm"
"417","3_1929-12-01","3_1929-12-01_A145","Edgar Anderson","sepal length",6.7,"cm"
"418","3_1929-12-01","3_1929-12-01_A145","Edgar Anderson","sepal width",3.3,"cm"
"419","3_1929-12-01","3_1929-12-01_A145","Edgar Anderson","petal length",5.7,"cm"
"420","3_1929-12-01","3_1929-12-01_A145","Edgar Anderson","petal width",2.5,"cm"
"421","3_1929-12-01","3_1929-12-01_A1","Edgar Anderson","sepal length",5.1,"cm"
"422","3_1929-12-01","3_1929-12-01_A1","Edgar Anderson","sepal width",3.5,"cm"
"423","3_1929-12-01","3_1929-12-01_A1","Edgar Anderson","petal length",1.4,"cm"
"424","3_1929-12-01","3_1929-12-01_A1","Edgar Anderson","petal width",0.2,"cm"
"425","2_1930-02-13","2_1930-02-13_A5","Edgar Anderson","sepal length",5,"cm"
"426","2_1930-02-13","2_1930-02-13_A5","Edgar Anderson","sepal width",3.6,"cm"
"427","2_1930-02-13","2_1930-02-13_A5","Edgar Anderson","petal length",1.4,"cm"
"428","2_1930-02-13","2_1930-02-13_A5","Edgar Anderson","petal width",0.2,"cm"
"429","1_1929-12-01","1_1929-12-01_A15","Edgar Anderson","sepal length",5.8,"cm"
"430","1_1929-12-01","1_1929-12-01_A15","Edgar Anderson","sepal width",4,"cm"
"431","1_1929-12-01","1_1929-12-01_A15","Edgar Anderson","petal length",1.2,"cm"
"432","1_1929-12-01","1_1929-12-01_A15","Edgar Anderson","petal width",0.2,"cm"
"433","1_1929-12-01","1_1929-12-01_A21","Edgar Anderson","sepal length",5.4,"cm"
"434","1_1929-12-01","1_1929-12-01_A21","Edgar Anderson","sepal width",3.4,"cm"
"435","1_1929-12-01","1_1929-12-01_A21","Edgar Anderson","petal length",1.7,"cm"
"436","1_1929-12-01","1_1929-12-01_A21","Edgar Anderson","petal width",0.2,"cm"
"437","2_1930-02-13","2_1930-02-13_A26","Edgar Anderson","sepal length",5,"cm"
"438","2_1930-02-13","2_1930-02-13_A26","Edgar Anderson","sepal width",3,"cm"
"439","2_1930-02-13","2_1930-02-13_A26","Edgar Anderson","petal length",1.6,"cm"
"440","2_1930-02-13","2_1930-02-13_A26","Edgar Anderson","petal width",0.2,"cm"
"441","2_1930-02-13","2_1930-02-13_A38","Edgar Anderson","sepal length",4.9,"cm"
"442","2_1930-02-13","2_1930-02-13_A38","Edgar Anderson","sepal width",3.6,"cm"
"443","2_1930-02-13","2_1930-02-13_A38","Edgar Anderson","petal length",1.4,"cm"
"444","2_1930-02-13","2_1930-02-13_A38","Edgar Anderson","petal width",0.1,"cm"
"445","2_1930-02-13","2_1930-02-13_A41","Edgar Anderson","sepal length",5,"cm"
"446","2_1930-02-13","2_1930-02-13_A41","Edgar Anderson","sepal width",3.5,"cm"
"447","2_1930-02-13","2_1930-02-13_A41","Edgar Anderson","petal length",1.3,"cm"
"448","2_1930-02-13","2_1930-02-13_A41","Edgar Anderson","petal width",0.3,"cm"
"449","1_1929-12-01","1_1929-12-01_A69","Edgar Anderson","sepal length",6.2,"cm"
"450","1_1929-12-01","1_1929-12-01_A69","Edgar Anderson","sepal width",2.2,"cm"
"451","1_1929-12-01","1_1929-12-01_A69","Edgar Anderson","petal length",4.5,"cm"
"452","1_1929-12-01","1_1929-12-01_A69","Edgar Anderson","petal width",1.5,"cm"
"453","1_1929-12-01","1_1929-12-01_A108","Edgar Anderson","sepal length",7.3,"cm"
"454","1_1929-12-01","1_1929-12-01_A108","Edgar Anderson","sepal width",2.9,"cm"
"455","1_1929-12-01","1_1929-12-01_A108","Edgar Anderson","petal length",6.3,"cm"
"456","1_1929-12-01","1_1929-12-01_A108","Edgar Anderson","petal width",1.8,"cm"
"457","2_1930-02-13","2_1930-02-13_A125","Edgar Anderson","sepal length",6.7,"cm"
"458","2_1930-02-13","2_1930-02-13_A125","Edgar Anderson","sepal width",3.3,"cm"
"459","2_1930-02-13","2_1930-02-13_A125","Edgar Anderson","petal length",5.7,"cm"
"460","2_1930-02-13","2_1930-02-13_A125","Edgar Anderson","petal width",2.1,"cm"
"461","1_1929-12-01","1_1929-12-01_A135","Edgar Anderson","sepal length",6.1,"cm"
"462","1_1929-12-01","1_1929-12-01_A135","Edgar Anderson","sepal width",2.6,"cm"
"463","1_1929-12-01","1_1929-12-01_A135","Edgar Anderson","petal length",5.6,"cm"
"464","1_1929-12-01","1_1929-12-01_A135","Edgar Anderson","petal width",1.4,"cm"
"465","3_1929-12-01","3_1929-12-01_A136","Edgar Anderson","sepal length",7.7,"cm"
"466","3_1929-12-01","3_1929-12-01_A136","Edgar Anderson","sepal width",3,"cm"
"467","3_1929-12-01","3_1929-12-01_A136","Edgar Anderson","petal length",6.1,"cm"
"468","3_1929-12-01","3_1929-12-01_A136","Edgar Anderson","petal width",2.3,"cm"
"469","2_1930-02-13","2_1930-02-13_A140","Edgar Anderson","sepal length",6.9,"cm"
"470","2_1930-02-13","2_1930-02-13_A140","Edgar Anderson","sepal width",3.1,"cm"
"471","2_1930-02-13","2_1930-02-13_A140","Edgar Anderson","petal length",5.4,"cm"
"472","2_1930-02-13","2_1930-02-13_A140","Edgar Anderson","petal width",2.1,"cm"
"473","1_1929-12-01","1_1929-12-01_A144","Edgar Anderson","sepal length",6.8,"cm"
"474","1_1929-12-01","1_1929-12-01_A144","Edgar Anderson","sepal width",3.2,"cm"
"475","1_1929-12-01","1_1929-12-01_A144","Edgar Anderson","petal length",5.9,"cm"
"476","1_1929-12-01","1_1929-12-01_A144","Edgar Anderson","petal width",2.3,"cm"
"477","2_1930-02-13","2_1930-02-13_A149","Edgar Anderson","sepal length",6.2,"cm"
"478","2_1930-02-13","2_1930-02-13_A149","Edgar Anderson","sepal width",3.4,"cm"
"479","2_1930-02-13","2_1930-02-13_A149","Edgar Anderson","petal length",5.4,"cm"
"480","2_1930-02-13","2_1930-02-13_A149","Edgar Anderson","petal width",2.3,"cm"
"481","3_1929-12-01","3_1929-12-01_A82","Edgar Anderson","sepal length",5.5,"cm"
"482","3_1929-12-01","3_1929-12-01_A82","Edgar Anderson","sepal width",2.4,"cm"
"483","3_1929-12-01","3_1929-12-01_A82","Edgar Anderson","petal length",3.7,"cm"
"484","3_1929-12-01","3_1929-12-01_A82","Edgar Anderson","petal width",1,"cm"
"485","3_1929-12-01","3_1929-12-01_A22","Edgar Anderson","sepal length",5.1,"cm"
"486","3_1929-12-01","3_1929-12-01_A22","Edgar Anderson","sepal width",3.7,"cm"
"487","3_1929-12-01","3_1929-12-01_A22","Edgar Anderson","petal length",1.5,"cm"
"488","3_1929-12-01","3_1929-12-01_A22","Edgar Anderson","petal width",0.4,"cm"
"489","3_1929-12-01","3_1929-12-01_A52","Edgar Anderson","sepal length",6.4,"cm"
"490","3_1929-12-01","3_1929-12-01_A52","Edgar Anderson","sepal width",3.2,"cm"
"491","3_1929-12-01","3_1929-12-01_A52","Edgar Anderson","petal length",4.5,"cm"
"492","3_1929-12-01","3_1929-12-01_A52","Edgar Anderson","petal width",1.5,"cm"
"493","2_1930-02-13","2_1930-02-13_A23","Edgar Anderson","sepal length",4.6,"cm"
"494","2_1930-02-13","2_1930-02-13_A23","Edgar Anderson","sepal width",3.6,"cm"
"495","2_1930-02-13","2_1930-02-13_A23","Edgar Anderson","petal length",1,"cm"
"496","2_1930-02-13","2_1930-02-13_A23","Edgar Anderson","petal width",0.2,"cm"
"497","2_1930-02-13","2_1930-02-13_A47","Edgar Anderson","sepal length",5.1,"cm"
"498","2_1930-02-13","2_1930-02-13_A47","Edgar Anderson","sepal width",3.8,"cm"
"499","2_1930-02-13","2_1930-02-13_A47","Edgar Anderson","petal length",1.6,"cm"
"500","2_1930-02-13","2_1930-02-13_A47","Edgar Anderson","petal width",0.2,"cm"
"501","1_1929-12-01","1_1929-12-01_A78","Edgar Anderson","sepal length",6.7,"cm"
"502","1_1929-12-01","1_1929-12-01_A78","Edgar Anderson","sepal width",3,"cm"
"503","1_1929-12-01","1_1929-12-01_A78","Edgar Anderson","petal length",5,"cm"
"504","1_1929-12-01","1_1929-12-01_A78","Edgar Anderson","petal width",1.7,"cm"
"505","2_1930-02-13","2_1930-02-13_A80","Edgar Anderson","sepal length",5.7,"cm"
"506","2_1930-02-13","2_1930-02-13_A80","Edgar Anderson","sepal width",2.6,"cm"
"507","2_1930-02-13","2_1930-02-13_A80","Edgar Anderson","petal length",3.5,"cm"
"508","2_1930-02-13","2_1930-02-13_A80","Edgar Anderson","petal width",1,"cm"
"509","3_1929-12-01","3_1929-12-01_A64","Edgar Anderson","sepal length",6.1,"cm"
"510","3_1929-12-01","3_1929-12-01_A64","Edgar Anderson","sepal width",2.9,"cm"
"511","3_1929-12-01","3_1929-12-01_A64","Edgar Anderson","petal length",4.7,"cm"
"512","3_1929-12-01","3_1929-12-01_A64","Edgar Anderson","petal width",1.4,"cm"
"513","2_1930-02-13","2_1930-02-13_A116","Edgar Anderson","sepal length",6.4,"cm"
"514","2_1930-02-13","2_1930-02-13_A116","Edgar Anderson","sepal width",3.2,"cm"
"515","2_1930-02-13","2_1930-02-13_A116","Edgar Anderson","petal length",5.3,"cm"
"516","2_1930-02-13","2_1930-02-13_A116","Edgar Anderson","petal width",2.3,"cm"
"517","2_1930-02-13","2_1930-02-13_A29","Edgar Anderson","sepal length",5.2,"cm"
"518","2_1930-02-13","2_1930-02-13_A29","Edgar Anderson","sepal width",3.4,"cm"
"519","2_1930-02-13","2_1930-02-13_A29","Edgar Anderson","petal length",1.4,"cm"
"520","2_1930-02-13","2_1930-02-13_A29","Edgar Anderson","petal width",0.2,"cm"
"521","2_1930-02-13","2_1930-02-13_A122","Edgar Anderson","sepal length",5.6,"cm"
"522","2_1930-02-13","2_1930-02-13_A122","Edgar Anderson","sepal width",2.8,"cm"
"523","2_1930-02-13","2_1930-02-13_A122","Edgar Anderson","petal length",4.9,"cm"
"524","2_1930-02-13","2_1930-02-13_A122","Edgar Anderson","petal width",2,"cm"
"525","3_1929-12-01","3_1929-12-01_A112","Edgar Anderson","sepal length",6.4,"cm"
"526","3_1929-12-01","3_1929-12-01_A112","Edgar Anderson","sepal width",2.7,"cm"
"527","3_1929-12-01","3_1929-12-01_A112","Edgar Anderson","petal length",5.3,"cm"
"528","3_1929-12-01","3_1929-12-01_A112","Edgar Anderson","petal width",1.9,"cm"
"529","2_1930-02-13","2_1930-02-13_A62","Edgar Anderson","sepal length",5.9,"cm"
"530","2_1930-02-13","2_1930-02-13_A62","Edgar Anderson","sepal width",3,"cm"
"531","2_1930-02-13","2_1930-02-13_A62","Edgar Anderson","petal length",4.2,"cm"
"532","2_1930-02-13","2_1930-02-13_A62","Edgar Anderson","petal width",1.5,"cm"
"533","2_1930-02-13","2_1930-02-13_A17","Edgar Anderson","sepal length",5.4,"cm"
"534","2_1930-02-13","2_1930-02-13_A17","Edgar Anderson","sepal width",3.9,"cm"
"535","2_1930-02-13","2_1930-02-13_A17","Edgar Anderson","petal length",1.3,"cm"
"536","2_1930-02-13","2_1930-02-13_A17","Edgar Anderson","petal width",0.4,"cm"
"537","2_1930-02-13","2_1930-02-13_A53","Edgar Anderson","sepal length",6.9,"cm"
"538","2_1930-02-13","2_1930-02-13_A53","Edgar Anderson","sepal width",3.1,"cm"
"539","2_1930-02-13","2_1930-02-13_A53","Edgar Anderson","petal length",4.9,"cm"
"540","2_1930-02-13","2_1930-02-13_A53","Edgar Anderson","petal width",1.5,"cm"
